course_id,merit_cutoff,min_credits,min_pass,pass_history,pass_bm,credit_bm,pass_eng,credit_english,credit_math,credit_addmath,pass_sci,credit_sci,pass_islam,credit_islam,pass_moral,credit_moral,credit_bm_b,credit_eng_b,credit_math_b,credit_addmath_b,distinction_bm,distinction_eng,distinction_math,distinction_addmath,distinction_bio,distinction_phy,distinction_chem,distinction_sci,credit_science_group,credit_math_or_addmath,req_malaysian,complex_requirements
UZ0520001,83.19,5,0,1,1,0,0,1,0,0,0,0,0,0,0,0,1,0,0,1,0,0,0,0,0,0,0,0,1,0,1,"{""or_groups"": [{""count"": 1, ""grade"": ""B"", ""subjects"": [""comp_sci"", ""phy""]}]}"
UM0221001,86.44,5,0,1,1,0,0,0,0,0,0,0,0,1,0,0,0,1,0,1,0,0,0,0,0,0,0,0,1,0,1,"{""or_groups"": [{""count"": 3, ""grade"": ""B"", ""subjects"": [""gkt"", ""keusahawanan"", ""lit_eng"", ""eng_draw"", ""lit_bm"", ""poa"", ""srt"", ""kelestarian"", ""comp_sci"", ""business"", ""pertanian"", ""geo"", ""bio"", ""ekonomi"", ""phy"", ""chem""]}]}"
UZ0345001,79.03,5,0,1,1,0,0,1,0,0,0,0,0,0,0,0,1,0,0,1,0,0,0,0,0,0,0,0,0,0,1,"{""or_groups"": [{""count"": 1, ""grade"": ""B"", ""subjects"": [""geo"", ""hist""]}]}"
UZ0721001,92.15,5,0,1,1,0,0,0,0,0,0,1,0,0,0,0,0,0,0,1,0,0,0,0,0,0,0,0,0,0,1,
UL0010001,77.78,5,0,1,1,0,0,0,0,0,0,0,0,0,0,0,0,0,0,0,0,0,0,0,0,0,0,0,0,0,1,"{""or_groups"": [{""count"": 1, ""grade"": ""D"", ""subjects"": [""eng_mech"", ""eng_elec"", ""eng_civil"", ""gkt"", ""psv"", ""eng_draw"", ""addmath"", ""poa"", ""kelestarian"", ""eng"", ""addsci"", ""comp_sci"", ""reka_cipta"", ""pertanian"", ""bio"", ""phy"", ""chem""]}]}"
UP0000001,89.34,5,0,1,1,0,0,1,1,0,0,0,0,0,0,0,0,0,0,0,0,0,0,0,0,0,0,0,1,0,1,"{""or_groups"": [{""count"": 4, ""grade"": ""B"", ""subjects"": [""eng_mech"", ""eng_elec"", ""eng_civil"", ""eng_draw"", ""comp_sci"", ""math"", ""pertanian"", ""bio"", ""phy"", ""chem""]}]}"
UL0010002,80.83,5,0,1,1,0,1,0,1,0,0,0,0,0,0,0,0,0,0,0,0,0,0,0,0,0,0,0,0,0,1,
UG0010001,78.72,5,0,1,1,1,0,1,0,0,0,1,0,0,0,0,0,0,0,1,0,0,0,0,0,0,0,0,1,0,1,"{""or_groups"": [{""count"": 2, ""grade"": ""C+"", ""subjects"": [""bio"", ""phy"", ""chem""]}, {""count"": 1, ""grade"": ""C+"", ""subjects"": [""eng_mech"", ""eng_elec"", ""eng_civil"", ""gkt"", ""keusahawanan"", ""psv"", ""lit_eng"", ""eng_draw"", ""lit_bm"", ""lit_tamil"", ""poa"", ""srt"", ""lit_cina"", ""kelestarian"", ""music"", ""comp_sci"", ""sports_sci"", ""business"", ""reka_cipta"", ""pertanian"", ""geo"", ""ekonomi""]}, {""count"": 1, ""grade"": ""C+"", ""subjects"": [""eng_mech"", ""eng_elec"", ""eng_civil"", ""gkt"", ""keusahawanan"", ""psv"", ""lit_eng"", ""eng_draw"", ""lit_bm"", ""lit_tamil"", ""poa"", ""srt"", ""lit_cina"", ""kelestarian"", ""music"", ""comp_sci"", ""sports_sci"", ""business"", ""reka_cipta"", ""pertanian"", ""geo"", ""ekonomi""]}]}"
UK0010001,94.99,5,0,1,1,0,0,0,0,0,0,0,0,0,0,0,0,0,0,0,1,1,0,1,1,1,1,0,0,0,1,
UA4222001,0.0,5,0,1,1,1,0,0,0,0,0,0,0,0,0,0,0,0,0,0,0,0,0,0,0,0,0,0,0,0,1,
UA4224001,70.41,5,0,1,1,0,0,0,0,0,0,0,0,0,0,0,0,0,0,0,0,1,0,0,0,0,0,0,0,0,1,
UC4340001,0.0,5,0,1,1,0,1,0,1,0,0,0,0,0,0,0,0,0,0,0,0,0,0,0,0,0,0,0,1,0,1,"{""or_groups"": [{""count"": 3, ""grade"": ""C"", ""subjects"": [""psv"", ""multimedia"", ""addmath"", ""poa"", ""digital_gfx"", ""islam"", ""moral"", ""addsci"", ""comp_sci"", ""business"", ""reka_cipta"", ""geo"", ""hist"", ""bio"", ""ekonomi"", ""phy"", ""chem""]}]}"
UD4726001,83.28,5,0,1,1,0,0,1,1,0,0,1,0,0,0,0,0,0,0,0,0,0,0,0,0,0,0,0,0,0,1,
UZ4813001,53.35,5,0,1,1,1,0,0,0,0,0,0,0,0,0,0,0,0,0,0,0,0,0,0,0,0,0,0,0,0,1,
UR4851001,0.0,5,0,1,1,0,1,0,1,0,0,0,0,0,0,0,0,0,0,0,0,0,0,0,0,0,0,0,1,0,1,"{""or_groups"": [{""count"": 1, ""grade"": ""C"", ""subjects"": [""eng_mech"", ""eng_elec"", ""eng_civil"", ""gkt"", ""eng_draw"", ""addmath"", ""kelestarian"", ""addsci"", ""reka_cipta"", ""bio"", ""phy"", ""chem""]}]}"
UB4526001,78.07,5,0,1,1,0,1,0,1,0,0,0,0,0,0,0,0,0,0,0,0,0,0,0,0,0,0,0,1,0,1,"{""or_groups"": [{""count"": 2, ""grade"": ""C"", ""subjects"": [""eng_mech"", ""eng_elec"", ""eng_civil"", ""eng_draw"", ""addmath"", ""bio"", ""phy"", ""chem""]}, {""count"": 2, ""grade"": ""B"", ""subjects"": [""gkt"", ""kelestarian"", ""addsci"", ""comp_sci"", ""sports_sci"", ""reka_cipta"", ""pertanian""]}]}"
UJ4526001,72.71,5,0,1,1,0,1,0,1,0,0,0,0,0,0,0,0,0,0,0,0,0,0,0,0,0,0,0,1,0,1,"{""or_groups"": [{""count"": 2, ""grade"": ""C"", ""subjects"": [""eng_mech"", ""eng_elec"", ""eng_civil"", ""gkt"", ""eng_draw"", ""kelestarian"", ""addsci"", ""comp_sci"", ""reka_cipta"", ""pertanian"", ""bio"", ""phy"", ""chem""]}, {""count"": 3, ""grade"": ""C"", ""subjects"": [""eng_mech"", ""eng_elec"", ""eng_civil"", ""gkt"", ""eng_draw"", ""kelestarian"", ""addsci"", ""comp_sci"", ""reka_cipta"", ""pertanian"", ""bio"", ""phy"", ""chem""]}]}"
UR4521002,62.67,5,0,1,1,0,1,0,1,0,0,0,0,0,0,0,0,0,0,0,0,0,0,0,0,0,0,0,1,0,1,"{""or_groups"": [{""count"": 1, ""grade"": ""C"", ""subjects"": [""eng_mech"", ""eng_elec"", ""eng_civil"", ""gkt"", ""eng_draw"", ""kelestarian"", ""addsci"", ""comp_sci"", ""reka_cipta"", ""bio"", ""phy"", ""chem""]}]}"
UB4522001,77.73,5,0,1,1,0,1,0,1,0,0,0,0,0,0,0,0,0,0,0,0,0,0,0,0,0,0,0,1,0,1,"{""or_groups"": [{""count"": 2, ""grade"": ""C"", ""subjects"": [""eng_mech"", ""eng_elec"", ""eng_civil"", ""eng_draw"", ""addmath"", ""bio"", ""phy"", ""chem""]}, {""count"": 2, ""grade"": ""B"", ""subjects"": [""gkt"", ""kelestarian"", ""addsci"", ""comp_sci"", ""sports_sci"", ""reka_cipta"", ""pertanian""]}]}"
UC4522001,75.09,5,0,1,1,0,1,0,1,0,0,0,0,0,0,0,0,0,0,0,0,0,0,0,0,0,0,0,1,0,1,"{""or_groups"": [{""count"": 2, ""grade"": ""C"", ""subjects"": [""eng_mech"", ""eng_elec"", ""eng_civil"", ""gkt"", ""eng_draw"", ""kelestarian"", ""addsci"", ""comp_sci"", ""reka_cipta"", ""bio"", ""phy"", ""chem""]}]}"
UR4522001,73.02,5,0,1,1,0,1,0,1,0,0,0,0,0,0,0,0,0,0,0,0,0,0,0,0,0,0,0,1,0,1,"{""or_groups"": [{""count"": 1, ""grade"": ""C"", ""subjects"": [""eng_mech"", ""eng_elec"", ""eng_civil"", ""gkt"", ""eng_draw"", ""kelestarian"", ""addsci"", ""comp_sci"", ""reka_cipta"", ""bio"", ""phy"", ""chem""]}]}"
UJ4523001,71.42,5,0,1,1,0,1,0,1,0,0,0,0,0,0,0,0,0,0,0,0,0,0,0,0,0,0,0,1,0,1,"{""or_groups"": [{""count"": 2, ""grade"": ""C"", ""subjects"": [""eng_mech"", ""eng_elec"", ""eng_civil"", ""gkt"", ""eng_draw"", ""kelestarian"", ""addsci"", ""comp_sci"", ""reka_cipta"", ""pertanian"", ""bio"", ""phy"", ""chem""]}, {""count"": 3, ""grade"": ""C"", ""subjects"": [""eng_mech"", ""eng_elec"", ""eng_civil"", ""gkt"", ""eng_draw"", ""kelestarian"", ""addsci"", ""comp_sci"", ""reka_cipta"", ""pertanian"", ""bio"", ""phy"", ""chem""]}]}"
UC4523001,74.83,5,0,1,1,0,1,0,1,0,0,0,0,0,0,0,0,0,0,0,0,0,0,0,0,0,0,0,1,0,1,"{""or_groups"": [{""count"": 2, ""grade"": ""C"", ""subjects"": [""eng_mech"", ""eng_elec"", ""eng_civil"", ""gkt"", ""eng_draw"", ""addmath"", ""kelestarian"", ""addsci"", ""comp_sci"", ""reka_cipta"", ""bio"", ""phy"", ""chem""]}]}"
UR4523003,67.95,5,0,1,1,0,1,0,1,0,0,0,0,0,0,0,0,0,0,0,0,0,0,0,0,0,0,0,1,0,1,"{""or_groups"": [{""count"": 1, ""grade"": ""C"", ""subjects"": [""eng_mech"", ""eng_elec"", ""eng_civil"", ""gkt"", ""eng_draw"", ""kelestarian"", ""addsci"", ""comp_sci"", ""reka_cipta"", ""bio"", ""phy"", ""chem""]}]}"
UJ4524001,78.46,5,0,1,1,0,1,0,1,0,0,0,0,0,0,0,0,0,0,0,0,0,0,0,0,0,0,0,1,0,1,"{""or_groups"": [{""count"": 2, ""grade"": ""C"", ""subjects"": [""eng_mech"", ""eng_elec"", ""eng_civil"", ""gkt"", ""eng_draw"", ""addmath"", ""kelestarian"", ""addsci"", ""comp_sci"", ""reka_cipta"", ""pertanian"", ""bio"", ""phy"", ""chem""]}, {""count"": 3, ""grade"": ""C"", ""subjects"": [""eng_mech"", ""eng_elec"", ""eng_civil"", ""gkt"", ""eng_draw"", ""addmath"", ""kelestarian"", ""addsci"", ""comp_sci"", ""reka_cipta"", ""pertanian"", ""bio"", ""phy"", ""chem""]}]}"
UH4520001,87.55,5,0,1,1,0,1,0,0,0,0,0,0,0,0,0,0,0,0,0,0,0,0,0,0,0,0,0,1,0,1,"{""or_groups"": [{""count"": 3, ""grade"": ""C"", ""subjects"": [""eng_draw"", ""addmath"", ""bio"", ""phy"", ""chem""]}]}"
UR4523002,75.87,5,0,1,1,0,1,0,1,0,0,0,0,0,0,0,0,0,0,0,0,0,0,0,0,0,0,0,1,0,1,"{""or_groups"": [{""count"": 1, ""grade"": ""C"", ""subjects"": [""eng_mech"", ""eng_elec"", ""eng_civil"", ""gkt"", ""eng_draw"", ""kelestarian"", ""addsci"", ""comp_sci"", ""reka_cipta"", ""bio"", ""phy"", ""chem""]}]}"
UB4521002,80.95,5,0,1,1,0,1,0,1,0,0,0,0,0,0,0,0,0,0,0,0,0,0,0,0,0,0,0,1,0,1,"{""or_groups"": [{""count"": 2, ""grade"": ""C"", ""subjects"": [""eng_mech"", ""eng_elec"", ""eng_civil"", ""eng_draw"", ""addmath"", ""bio"", ""phy"", ""chem""]}, {""count"": 2, ""grade"": ""B"", ""subjects"": [""gkt"", ""kelestarian"", ""addsci"", ""comp_sci"", ""sports_sci"", ""reka_cipta"", ""pertanian""]}]}"
UC4521001,79.0,5,0,1,1,0,1,0,1,0,0,0,0,0,0,0,0,0,0,0,0,0,0,0,0,0,0,0,1,0,1,"{""or_groups"": [{""count"": 2, ""grade"": ""C"", ""subjects"": [""eng_mech"", ""eng_elec"", ""eng_civil"", ""gkt"", ""eng_draw"", ""kelestarian"", ""addsci"", ""comp_sci"", ""reka_cipta"", ""bio"", ""phy"", ""chem""]}]}"
UJ4521001,72.97,5,0,1,1,0,1,0,1,0,0,0,0,0,0,0,0,0,0,0,0,0,0,0,0,0,0,0,1,0,1,"{""or_groups"": [{""count"": 2, ""grade"": ""C"", ""subjects"": [""eng_mech"", ""eng_elec"", ""eng_civil"", ""gkt"", ""eng_draw"", ""kelestarian"", ""addsci"", ""comp_sci"", ""reka_cipta"", ""pertanian"", ""bio"", ""phy"", ""chem""]}, {""count"": 3, ""grade"": ""C"", ""subjects"": [""eng_mech"", ""eng_elec"", ""eng_civil"", ""gkt"", ""eng_draw"", ""kelestarian"", ""addsci"", ""comp_sci"", ""reka_cipta"", ""pertanian"", ""bio"", ""phy"", ""chem""]}]}"
UR4523001,71.41,5,0,1,1,0,1,0,1,0,0,0,0,0,0,0,0,0,0,0,0,0,0,0,0,0,0,0,1,0,1,"{""or_groups"": [{""count"": 1, ""grade"": ""C"", ""subjects"": [""eng_mech"", ""eng_elec"", ""eng_civil"", ""gkt"", ""eng_draw"", ""kelestarian"", ""addsci"", ""comp_sci"", ""reka_cipta"", ""bio"", ""phy"", ""chem""]}]}"
UC4540001,66.48,5,0,1,1,0,1,0,1,0,0,0,0,0,0,0,0,0,0,0,0,0,0,0,0,0,0,0,1,0,1,"{""or_groups"": [{""count"": 2, ""grade"": ""C"", ""subjects"": [""eng_mech"", ""eng_elec"", ""eng_civil"", ""gkt"", ""eng_draw"", ""addmath"", ""kelestarian"", ""addsci"", ""comp_sci"", ""reka_cipta"", ""bio"", ""phy"", ""chem""]}]}"
UR4540001,61.44,5,0,1,1,0,1,0,1,0,0,0,0,0,0,0,0,0,0,0,0,0,0,0,0,0,0,0,1,0,1,"{""or_groups"": [{""count"": 1, ""grade"": ""C"", ""subjects"": [""eng_mech"", ""eng_elec"", ""eng_civil"", ""gkt"", ""eng_draw"", ""kelestarian"", ""addsci"", ""comp_sci"", ""reka_cipta"", ""bio"", ""phy"", ""chem""]}]}"
UP4524001,76.89,5,0,1,1,0,1,0,0,0,0,0,0,0,0,0,0,0,0,0,0,0,0,0,0,0,0,0,1,0,1,"{""or_groups"": [{""count"": 2, ""grade"": ""C"", ""subjects"": [""math"", ""phy"", ""chem""]}, {""count"": 2, ""grade"": ""C"", ""subjects"": [""eng_mech"", ""eng_elec"", ""eng_civil"", ""gkt"", ""keusahawanan"", ""psv"", ""eng_draw"", ""voc_landscape"", ""addmath"", ""poa"", ""srt"", ""islam"", ""kelestarian"", ""voc_food"", ""addsci"", ""comp_sci"", ""business"", ""reka_cipta"", ""pertanian"", ""geo"", ""hist"", ""bio"", ""ekonomi""]}]}"
UJ4862001,82.38,5,0,1,1,0,1,0,1,0,0,0,0,0,0,0,0,0,0,0,0,0,0,0,0,0,0,0,1,0,1,"{""or_groups"": [{""count"": 1, ""grade"": ""C"", ""subjects"": [""addsci"", ""bio"", ""phy"", ""chem""]}]}"
UP4640001,85.06,5,0,1,1,0,1,0,1,0,0,1,0,0,0,0,0,0,0,0,0,0,0,0,0,0,0,0,1,0,1,"{""or_groups"": [{""count"": 2, ""grade"": ""C"", ""subjects"": [""eng_mech"", ""eng_elec"", ""eng_civil"", ""gkt"", ""keusahawanan"", ""eng_draw"", ""voc_landscape"", ""addmath"", ""poa"", ""srt"", ""islam"", ""moral"", ""kelestarian"", ""voc_food"", ""addsci"", ""comp_sci"", ""business"", ""reka_cipta"", ""pertanian"", ""geo"", ""hist"", ""ekonomi"", ""phy"", ""chem""]}]}"
UA4345001,87.86,5,0,1,1,0,0,1,0,1,0,0,0,0,0,0,0,0,0,0,0,0,0,0,0,0,0,0,0,0,1,
UD4343002,82.4,5,0,1,1,0,0,1,1,0,0,0,0,0,0,0,0,0,0,0,0,0,0,0,0,0,0,0,1,0,1,"{""or_groups"": [{""count"": 1, ""grade"": ""C"", ""subjects"": [""poa"", ""addsci"", ""business"", ""bio"", ""ekonomi"", ""phy"", ""chem""]}, {""count"": 1, ""grade"": ""C"", ""subjects"": [""islam"", ""moral""]}]}"
UA4212001,65.83,5,0,1,1,0,0,0,0,0,0,0,0,0,0,0,0,0,0,0,0,0,0,0,0,0,0,0,0,0,1,
UD4342001,76.82,5,0,1,1,0,0,1,1,0,0,0,0,0,0,0,0,0,0,0,0,0,0,0,0,0,0,0,1,0,1,"{""or_groups"": [{""count"": 1, ""grade"": ""C"", ""subjects"": [""poa"", ""addsci"", ""business"", ""bio"", ""ekonomi"", ""phy"", ""chem""]}, {""count"": 1, ""grade"": ""C"", ""subjects"": [""islam"", ""moral""]}]}"
UP4310001,82.72,5,0,1,1,0,1,0,0,0,0,0,0,0,0,0,0,0,0,0,0,0,0,0,0,0,0,0,0,0,1,"{""or_groups"": [{""count"": 2, ""grade"": ""E"", ""subjects"": [""math"", ""bio"", ""phy"", ""chem"", ""sci""]}]}"
UA4143001,78.37,5,0,1,1,0,0,0,0,0,0,0,0,0,0,0,1,1,0,0,0,0,0,0,0,0,0,0,1,0,1,"{""or_groups"": [{""count"": 2, ""grade"": ""C+"", ""subjects"": [""addsci"", ""math"", ""bio"", ""phy"", ""chem""]}, {""count"": 1, ""grade"": ""C"", ""subjects"": [""islam"", ""moral"", ""hist""]}]}"
UD4343001,81.41,5,0,1,1,0,0,1,1,0,0,0,0,0,0,0,0,0,0,0,0,0,0,0,0,0,0,0,1,0,1,"{""or_groups"": [{""count"": 1, ""grade"": ""C"", ""subjects"": [""poa"", ""addsci"", ""business"", ""bio"", ""ekonomi"", ""phy"", ""chem""]}, {""count"": 1, ""grade"": ""C"", ""subjects"": [""islam"", ""moral""]}]}"
UD4343003,72.36,5,0,1,1,0,0,1,1,0,0,0,0,0,0,0,0,0,0,0,0,0,0,0,0,0,0,0,1,0,1,"{""or_groups"": [{""count"": 1, ""grade"": ""C"", ""subjects"": [""poa"", ""addsci"", ""business"", ""bio"", ""ekonomi"", ""phy"", ""chem""]}, {""count"": 1, ""grade"": ""C"", ""subjects"": [""islam"", ""moral""]}]}"
UA4220001,68.78,5,0,1,1,0,0,0,0,0,0,0,0,1,0,0,0,0,0,0,0,0,0,0,0,0,0,0,0,0,1,
UZ4345001,85.88,5,0,1,1,1,1,0,1,0,0,0,0,0,0,0,0,0,0,0,0,0,0,0,0,0,0,0,0,0,1,
UP4621002,70.32,5,0,1,1,0,1,0,0,0,0,0,0,0,0,0,0,0,0,0,0,0,0,0,0,0,0,0,1,0,1,"{""or_groups"": [{""count"": 2, ""grade"": ""C"", ""subjects"": [""math"", ""bio"", ""phy"", ""chem"", ""sci""]}, {""count"": 2, ""grade"": ""C"", ""subjects"": [""eng_mech"", ""eng_elec"", ""eng_civil"", ""gkt"", ""keusahawanan"", ""psv"", ""eng_draw"", ""voc_landscape"", ""addmath"", ""poa"", ""srt"", ""kelestarian"", ""voc_food"", ""addsci"", ""comp_sci"", ""business"", ""reka_cipta"", ""pertanian"", ""geo"", ""hist"", ""ekonomi"", ""phy"", ""chem""]}]}"
UP4345001,82.11,5,0,1,1,0,1,0,0,0,0,0,0,0,0,0,0,0,0,0,0,0,0,0,0,0,0,0,0,0,1,
UD4345001,84.28,5,0,1,1,0,0,1,1,0,0,0,0,0,0,0,0,0,0,0,0,0,0,0,0,0,0,0,1,0,1,"{""or_groups"": [{""count"": 1, ""grade"": ""C"", ""subjects"": [""poa"", ""addsci"", ""business"", ""bio"", ""ekonomi"", ""phy"", ""chem""]}, {""count"": 1, ""grade"": ""C"", ""subjects"": [""islam"", ""moral""]}]}"
UZ4340001,85.99,5,0,1,1,1,1,0,1,0,0,0,0,0,0,0,0,0,0,0,0,0,0,0,0,0,0,0,0,0,1,
UD4344001,89.7,5,0,1,1,0,0,1,1,0,0,0,0,0,0,0,0,0,0,0,0,0,0,0,0,0,0,0,1,0,1,"{""or_groups"": [{""count"": 1, ""grade"": ""C"", ""subjects"": [""poa"", ""addsci"", ""business"", ""bio"", ""ekonomi"", ""phy"", ""chem""]}, {""count"": 1, ""grade"": ""C"", ""subjects"": [""islam"", ""moral""]}]}"
UP4623001,77.09,5,0,1,1,0,1,0,0,0,0,0,0,0,0,0,0,0,0,0,0,0,0,0,0,0,0,0,1,0,1,"{""or_groups"": [{""count"": 2, ""grade"": ""C"", ""subjects"": [""math"", ""bio"", ""phy"", ""chem"", ""sci""]}, {""count"": 2, ""grade"": ""C"", ""subjects"": [""eng_mech"", ""eng_elec"", ""eng_civil"", ""gkt"", ""keusahawanan"", ""psv"", ""eng_draw"", ""voc_landscape"", ""addmath"", ""poa"", ""srt"", ""kelestarian"", ""voc_food"", ""addsci"", ""comp_sci"", ""business"", ""reka_cipta"", ""pertanian"", ""geo"", ""hist"", ""ekonomi"", ""phy"", ""chem""]}]}"
UG4624001,68.39,5,0,1,1,0,1,0,1,0,0,0,0,0,0,0,0,0,0,0,0,0,0,0,0,0,0,1,1,0,1,"{""or_groups"": [{""count"": 2, ""grade"": ""C+"", ""subjects"": [""eng_mech"", ""eng_civil"", ""keusahawanan"", ""eng_draw"", ""addmath"", ""poa"", ""digital_gfx"", ""pertanian"", ""hist""]}, {""count"": 1, ""grade"": ""C"", ""subjects"": [""bio"", ""phy"", ""chem""]}]}"
UP4624001,73.26,5,0,1,1,0,1,0,1,0,0,1,0,0,0,0,0,0,0,0,0,0,0,0,0,0,0,0,1,0,1,"{""or_groups"": [{""count"": 2, ""grade"": ""C"", ""subjects"": [""eng_mech"", ""eng_elec"", ""eng_civil"", ""gkt"", ""keusahawanan"", ""eng_draw"", ""voc_landscape"", ""addmath"", ""poa"", ""srt"", ""islam"", ""moral"", ""kelestarian"", ""voc_food"", ""addsci"", ""comp_sci"", ""business"", ""reka_cipta"", ""pertanian"", ""geo"", ""hist"", ""ekonomi"", ""phy"", ""chem""]}, {""count"": 2, ""grade"": ""C"", ""subjects"": [""eng_mech"", ""eng_elec"", ""eng_civil"", ""gkt"", ""keusahawanan"", ""eng_draw"", ""voc_landscape"", ""addmath"", ""poa"", ""srt"", ""islam"", ""kelestarian"", ""voc_food"", ""addsci"", ""comp_sci"", ""business"", ""reka_cipta"", ""pertanian"", ""geo"", ""hist"", ""ekonomi"", ""phy"", ""chem""]}]}"
UD4340001,82.86,5,0,1,1,0,0,1,1,0,0,0,0,0,0,0,0,0,0,0,0,0,0,0,0,0,0,0,1,0,1,"{""or_groups"": [{""count"": 1, ""grade"": ""C"", ""subjects"": [""poa"", ""addsci"", ""business"", ""bio"", ""ekonomi"", ""phy"", ""chem""]}, {""count"": 1, ""grade"": ""C"", ""subjects"": [""islam"", ""moral""]}]}"
UP4621001,66.22,5,0,1,1,0,1,0,0,0,0,0,0,0,0,0,0,0,0,0,0,0,0,0,0,0,0,0,0,0,1,
UP4621003,76.6,5,0,1,1,0,1,0,0,0,0,0,0,0,0,0,0,0,0,0,0,0,0,0,0,0,0,0,1,0,1,"{""or_groups"": [{""count"": 2, ""grade"": ""C"", ""subjects"": [""math"", ""bio"", ""phy"", ""chem"", ""sci""]}, {""count"": 2, ""grade"": ""C"", ""subjects"": [""eng_mech"", ""eng_elec"", ""eng_civil"", ""gkt"", ""keusahawanan"", ""psv"", ""eng_draw"", ""voc_landscape"", ""addmath"", ""poa"", ""srt"", ""kelestarian"", ""voc_food"", ""addsci"", ""comp_sci"", ""business"", ""reka_cipta"", ""pertanian"", ""geo"", ""hist"", ""ekonomi"", ""phy"", ""chem""]}]}"
UD4725001,84.18,5,0,1,1,0,0,1,1,0,0,1,0,0,0,0,0,0,0,0,0,0,0,0,0,0,0,0,0,0,1,
UA4481002,77.74,5,0,1,1,0,1,0,1,0,0,0,0,0,0,0,0,0,0,0,0,0,0,0,0,0,0,0,0,0,1,
UD4214001,65.08,5,0,1,1,0,1,0,0,0,0,0,0,0,0,0,0,0,0,0,0,0,0,0,0,0,0,0,0,0,1,"{""or_groups"": [{""count"": 1, ""grade"": ""C"", ""subjects"": [""psv"", ""digital_gfx"", ""islam"", ""moral"", ""reka_cipta""]}]}"
UA4440001,87.31,5,0,1,1,0,1,0,1,0,0,0,0,0,0,0,0,0,0,0,0,0,0,0,0,0,0,0,1,0,1,"{""or_groups"": [{""count"": 1, ""grade"": ""C"", ""subjects"": [""bio"", ""phy"", ""chem""]}, {""count"": 1, ""grade"": ""E"", ""subjects"": [""eng_mech"", ""eng_elec"", ""eng_civil"", ""eng_draw"", ""addmath""]}]}"
UA4461001,90.89,5,0,1,1,0,1,0,1,0,0,0,0,0,0,0,0,0,0,0,0,0,0,0,0,0,0,0,0,0,1,
UB4545001,80.97,5,0,1,1,0,1,0,1,0,0,1,0,0,0,0,0,0,0,0,0,0,0,0,0,0,0,0,1,0,1,"{""or_groups"": [{""count"": 2, ""grade"": ""C"", ""subjects"": [""eng_mech"", ""eng_elec"", ""eng_civil"", ""eng_draw"", ""addmath"", ""bio"", ""phy"", ""chem""]}]}"
UJ4545001,77.42,5,0,1,1,0,1,0,1,0,0,0,0,0,0,0,0,0,0,0,0,0,0,0,0,0,0,0,1,0,1,"{""or_groups"": [{""count"": 1, ""grade"": ""C"", ""subjects"": [""eng_mech"", ""eng_elec"", ""eng_civil"", ""addmath"", ""kelestarian"", ""bio"", ""phy"", ""chem""]}, {""count"": 1, ""grade"": ""C"", ""subjects"": [""addsci"", ""comp_sci"", ""pertanian""]}]}"
UD4723001,86.57,5,0,1,1,0,0,1,0,1,0,0,0,0,0,0,0,0,0,0,0,0,0,0,0,0,0,0,1,0,1,"{""or_groups"": [{""count"": 1, ""grade"": ""C"", ""subjects"": [""addsci"", ""bio"", ""phy"", ""chem""]}, {""count"": 1, ""grade"": ""C"", ""subjects"": [""islam"", ""moral""]}]}"
UA4481001,89.22,5,0,1,1,0,1,0,1,0,0,0,0,0,0,0,0,0,0,0,0,0,0,0,0,0,0,0,1,0,1,"{""or_groups"": [{""count"": 2, ""grade"": ""C"", ""subjects"": [""eng_mech"", ""eng_elec"", ""eng_civil"", ""gkt"", ""keusahawanan"", ""eng_draw"", ""multimedia"", ""addmath"", ""poa"", ""digital_gfx"", ""kelestarian"", ""addsci"", ""comp_sci"", ""business"", ""reka_cipta"", ""bio"", ""phy"", ""chem""]}]}"
UC4481002,84.87,5,0,1,1,0,1,0,1,0,0,0,0,0,0,0,0,0,0,0,0,0,0,0,0,0,0,0,1,0,1,"{""or_groups"": [{""count"": 3, ""grade"": ""C"", ""subjects"": [""eng_mech"", ""eng_elec"", ""eng_civil"", ""gkt"", ""psv"", ""eng_draw"", ""multimedia"", ""addmath"", ""poa"", ""islam"", ""moral"", ""kelestarian"", ""addsci"", ""comp_sci"", ""business"", ""reka_cipta"", ""geo"", ""hist"", ""bio"", ""ekonomi"", ""phy"", ""chem""]}]}"
UD4481003,82.6,5,0,1,1,1,1,0,0,1,0,0,0,1,0,0,0,0,0,0,0,0,0,0,0,0,0,0,0,0,1,
UJ4481001,78.5,5,0,1,1,0,1,0,1,0,0,0,0,0,0,0,0,0,0,0,0,0,0,0,0,0,0,0,1,0,1,"{""or_groups"": [{""count"": 1, ""grade"": ""C"", ""subjects"": [""eng_mech"", ""eng_elec"", ""eng_civil"", ""gkt"", ""eng_draw"", ""kelestarian"", ""addsci"", ""comp_sci"", ""reka_cipta"", ""pertanian"", ""bio"", ""phy"", ""chem""]}]}"
UP4481001,80.79,5,0,1,1,0,1,0,1,1,0,0,0,0,0,0,0,0,0,0,0,0,0,0,0,0,0,0,1,0,1,"{""or_groups"": [{""count"": 1, ""grade"": ""C"", ""subjects"": [""eng_mech"", ""eng_elec"", ""eng_civil"", ""gkt"", ""eng_draw"", ""kelestarian"", ""addsci"", ""comp_sci"", ""reka_cipta"", ""bio"", ""phy"", ""chem""]}]}"
UA4813001,58.03,5,0,1,1,0,1,0,0,0,0,0,0,0,0,0,0,0,0,0,0,0,0,0,0,0,0,0,0,0,1,"{""or_groups"": [{""count"": 1, ""grade"": ""E"", ""subjects"": [""addsci"", ""sports_sci"", ""bio"", ""phy"", ""chem""]}]}"
UZ4221001,71.1,5,0,1,1,1,1,0,0,0,0,0,0,1,0,0,0,0,0,0,0,0,0,0,0,0,0,0,0,0,1,
UA4212002,63.55,5,0,1,1,0,0,0,0,0,0,0,0,0,0,0,0,0,0,0,0,0,0,0,0,0,0,0,0,0,1,
UA4212003,60.52,5,0,1,1,0,0,0,0,0,0,0,0,0,0,0,0,0,0,0,0,0,0,0,0,0,0,0,0,0,1,
UB4213001,63.82,5,0,1,1,0,1,0,0,0,0,0,0,0,0,0,0,0,0,0,0,0,0,0,0,0,0,0,0,0,1,
UB4524001,85.35,5,0,1,1,0,1,0,1,0,0,0,0,0,0,0,0,0,0,0,0,0,0,0,0,0,0,0,1,0,1,"{""or_groups"": [{""count"": 2, ""grade"": ""C"", ""subjects"": [""eng_mech"", ""eng_elec"", ""eng_civil"", ""eng_draw"", ""addmath"", ""bio"", ""phy"", ""chem""]}, {""count"": 2, ""grade"": ""B"", ""subjects"": [""addsci"", ""sports_sci"", ""pertanian""]}]}"
UR4524001,0.0,5,0,1,1,0,1,0,1,0,0,0,0,0,0,0,0,0,0,0,0,0,0,0,0,0,0,0,1,0,1,"{""or_groups"": [{""count"": 1, ""grade"": ""C"", ""subjects"": [""eng_mech"", ""eng_elec"", ""eng_civil"", ""gkt"", ""eng_draw"", ""addmath"", ""kelestarian"", ""addsci"", ""reka_cipta"", ""bio"", ""phy"", ""chem""]}]}"
UR4521003,72.09,5,0,1,1,0,1,0,1,0,0,0,0,0,0,0,0,0,0,0,0,0,0,0,0,0,0,0,1,0,1,"{""or_groups"": [{""count"": 1, ""grade"": ""C"", ""subjects"": [""eng_mech"", ""eng_elec"", ""eng_civil"", ""gkt"", ""eng_draw"", ""kelestarian"", ""addsci"", ""comp_sci"", ""reka_cipta"", ""bio"", ""phy"", ""chem""]}]}"
UJ4521002,63.21,5,0,1,1,0,1,0,1,0,0,0,0,0,0,0,0,0,0,0,0,0,0,0,0,0,0,0,1,0,1,"{""or_groups"": [{""count"": 2, ""grade"": ""C"", ""subjects"": [""eng_mech"", ""eng_elec"", ""eng_civil"", ""gkt"", ""eng_draw"", ""addmath"", ""kelestarian"", ""addsci"", ""comp_sci"", ""reka_cipta"", ""pertanian"", ""bio"", ""phy"", ""chem""]}, {""count"": 3, ""grade"": ""C"", ""subjects"": [""eng_mech"", ""eng_elec"", ""eng_civil"", ""gkt"", ""eng_draw"", ""addmath"", ""kelestarian"", ""addsci"", ""comp_sci"", ""reka_cipta"", ""pertanian"", ""bio"", ""phy"", ""chem""]}]}"
UR4543001,0.0,5,0,1,1,0,1,0,1,0,0,0,0,0,0,0,0,0,0,0,0,0,0,0,0,0,0,0,1,0,1,"{""or_groups"": [{""count"": 1, ""grade"": ""C"", ""subjects"": [""eng_mech"", ""eng_elec"", ""eng_civil"", ""gkt"", ""eng_draw"", ""kelestarian"", ""addsci"", ""comp_sci"", ""reka_cipta"", ""bio"", ""phy"", ""chem""]}]}"
UD4482001,79.69,5,0,1,1,1,1,0,0,1,0,0,0,1,0,0,0,0,0,0,0,0,0,0,0,0,0,0,0,0,1,
UB4481001,83.99,5,0,1,1,0,1,0,1,0,0,0,0,0,0,0,0,0,0,0,0,0,0,0,0,0,0,0,0,0,1,
UA4545001,83.87,5,0,1,1,0,1,0,1,0,0,0,0,0,0,0,0,0,0,0,0,0,0,0,0,0,0,0,1,0,1,"{""or_groups"": [{""count"": 1, ""grade"": ""C"", ""subjects"": [""addsci"", ""bio"", ""phy"", ""chem""]}]}"
UD4725002,84.87,5,0,1,1,0,0,1,1,0,0,1,0,0,0,0,0,0,0,0,0,0,0,0,0,0,0,0,0,0,1,
UD4540001,75.07,5,0,1,1,1,1,0,0,1,0,0,0,0,0,0,0,0,0,0,0,0,0,0,0,0,0,0,1,0,1,"{""or_groups"": [{""count"": 2, ""grade"": ""C"", ""subjects"": [""eng_mech"", ""eng_elec"", ""gkt"", ""eng_draw"", ""addsci"", ""reka_cipta"", ""phy"", ""chem""]}, {""count"": 1, ""grade"": ""C"", ""subjects"": [""poa"", ""islam"", ""moral"", ""geo"", ""ekonomi""]}]}"
UU0345001,91.07,5,0,1,1,0,0,0,1,0,0,0,0,0,0,0,0,1,0,0,1,0,0,0,0,0,0,0,1,0,1,"{""or_groups"": [{""count"": 3, ""grade"": ""A-"", ""subjects"": [""gkt"", ""keusahawanan"", ""psv"", ""lit_eng"", ""eng_draw"", ""lit_bm"", ""addmath"", ""poa"", ""srt"", ""islam"", ""moral"", ""kelestarian"", ""music"", ""addsci"", ""comp_sci"", ""sports_sci"", ""business"", ""reka_cipta"", ""pertanian"", ""geo"", ""hist"", ""bio"", ""ekonomi"", ""phy"", ""chem""]}]}"
UQ0440005,76.46,5,0,1,1,0,0,1,0,1,0,1,0,1,0,0,0,0,0,0,0,0,0,0,0,0,0,0,1,0,1,"{""or_groups"": [{""count"": 1, ""grade"": ""C"", ""subjects"": [""eng_mech"", ""eng_elec"", ""eng_civil"", ""gkt"", ""keusahawanan"", ""psv"", ""eng_draw"", ""poa"", ""srt"", ""kelestarian"", ""addsci"", ""comp_sci"", ""sports_sci"", ""business"", ""reka_cipta"", ""pertanian"", ""bio"", ""ekonomi""]}]}"
